feature,missing_ratio,mean,std,min,max,skewness
target_Volume,0.0,3661061.402700033,1857245.841099622,0.0,19150647.0,1.8386381340140416
SOXX_Open,0.0,117.64829876283929,95.71343104369423,23.37666702270508,653.9600219726562,1.7798435103129742
SOXX_High,0.0,118.98591597252155,97.07691387189743,23.51666641235352,655.9500122070312,1.7954250913059344
SOXX_Low,0.0,116.1650016057401,94.1315371819212,23.23666763305664,643.9299926757812,1.7532793191383895
SOXX_Close,0.0,117.66271208021097,95.76231341088138,23.476667404174805,655.010009765625,1.7807841770209158
SOXX_Adj_Close,0.0,114.15051791367266,96.44828965667324,20.553417205810547,655.010009765625,1.799486430676688
SOXX_Volume,0.0,2809599.637800461,2437751.598374752,85500.0,26691200.0,2.7142883036382957
SMH_Open,0.0,115.26095339134801,108.2835342074957,20.049999237060547,670.3499755859375,1.9053776314226112
SMH_High,0.0,116.51798484684176,109.6503494552921,20.190000534057617,671.8300170898438,1.9136306126159883
SMH_Low,0.0,113.84535553473408,106.68686854242452,19.950000762939453,660.02001953125,1.8936729635810712
SMH_Close,0.0,115.2665228506119,108.32259283025621,20.14999961853028,668.9099731445312,1.9076175622785823
SMH_Adj_Close,0.0,112.68073117893937,109.06481941920697,17.760459899902344,668.9099731445312,1.908536465347781
SMH_Volume,0.0,8192458.5446163975,4886417.052430831,618400.0,43080400.0,1.9087028293148645
NVDA_Open,0.0,36.51863058168008,57.21588014910286,0.3865000009536743,229.8699951171875,1.7556628033316362
NVDA_High,0.0,37.111401722360135,58.05957142751061,0.3880000114440918,236.5399932861328,1.750194918981604
NVDA_Low,0.0,35.85907205317144,56.2496687944737,0.382999986410141,229.3000030517578,1.7616306242665734
NVDA_Close,0.0,36.50741686798806,57.18070886038868,0.3860000073909759,235.7400054931641,1.7550598056635172
NVDA_Adj_Close,0.0,36.43271287435719,57.119827859161376,0.3635199964046478,235.465576171875,1.7555412070938996
NVDA_Volume,0.0,424560711.59038526,252080866.03694218,45644000.0,3692928000.0,2.6824334407055006
AMD_Open,0.0,71.44727360672334,78.19996518984169,1.6200000047683716,546.8900146484375,2.148647646762057
AMD_High,0.0,72.90524861507994,79.9607867313391,1.690000057220459,562.989990234375,2.1693714180014525
AMD_Low,0.0,69.91086927483181,76.2823406137376,1.6100000143051147,535.7100219726562,2.1130316171773833
AMD_Close,0.0,71.44486004948263,78.27705106747536,1.6200000047683716,551.6300048828125,2.1573118911810685
AMD_Adj_Close,0.0,71.44486004948263,78.27705106747536,1.6200000047683716,551.6300048828125,2.1573118911810685
AMD_Volume,0.0,53268717.64899572,34539352.15370472,0.0,325058400.0,1.5337635381939028
MU_Open,0.0,77.36269012673498,114.82140360588365,9.609999656677246,1233.0,5.655380990827618
MU_High,0.0,79.00292070782574,118.34762070845485,9.6899995803833,1255.0,5.652929571956738
MU_Low,0.0,75.65751728306564,110.82240786571943,9.3100004196167,1168.5699462890625,5.590170404848451
MU_Close,0.0,77.41085287847133,114.97028198658502,9.5600004196167,1213.56005859375,5.627096496922793
MU_Adj_Close,0.0,76.52774386457757,115.09996039606789,9.32374382019043,1213.56005859375,5.628560744132091
MU_Volume,0.0,26080433.058939744,14417055.293795655,4349600.0,149010300.0,2.2042684402397335
INTC_Open,0.0,40.92321036322791,14.42455673357297,18.06999969482422,139.72999572753906,2.017876306392323
INTC_High,0.0,41.484326686362984,14.773481850605895,18.989999771118164,141.4499969482422,2.1274089118620316
INTC_Low,0.0,40.373829428679386,14.034197373986611,17.670000076293945,136.2100067138672,1.855185778900921
INTC_Close,0.0,40.939028602075055,14.432219013925655,18.1299991607666,140.94000244140625,2.009624417281501
INTC_Adj_Close,0.0,36.538868338566374,14.184614396730552,17.65749168395996,140.94000244140625,2.5141599353046016
INTC_Volume,0.0,41560465.62397102,35452145.58182841,5893800.0,310161100.0,3.106735332452407
AVGO_Open,0.0,74.40197691871887,95.79314649860108,5.35099983215332,494.7799987792969,2.0746135207326715
AVGO_High,0.0,75.51084859472456,97.36904939741211,5.415999889373779,495.0,2.074639688990107
AVGO_Low,0.0,73.1362771681747,93.85813119106551,5.309999942779541,472.6400146484375,2.071429175349709
AVGO_Close,0.0,74.35897435426006,95.67384479968959,5.3979997634887695,479.2300109863281,2.0745944362710595
AVGO_Adj_Close,0.0,70.8526263058009,96.34889505473964,3.999490737915039,478.4727478027344,2.0780106289354685
AVGO_Volume,0.0,27925934.672374055,21119914.476236183,4123000.0,560280000.0,9.633809443494153
QCOM_Open,0.0,104.66749749106721,45.20180068318558,42.5099983215332,250.19000244140625,0.49552151678599154
QCOM_High,0.0,106.06570295774117,46.07709950680295,43.290000915527344,259.9200134277344,0.5145122347249284
QCOM_Low,0.0,103.24493583299865,44.287293497259554,42.2400016784668,247.509994506836,0.47867459393167083
QCOM_Close,0.0,104.6558149549417,45.16915801377449,42.959999084472656,251.0200042724609,0.49493987621027763
QCOM_Adj_Close,0.0,93.14456515772233,47.69766835782043,32.08680725097656,250.0962829589844,0.5195343310535581
QCOM_Volume,0.0,10629388.837668752,7370119.129603623,1645300.0,156019300.0,6.1215562179265275
AMAT_Open,0.0,97.20402705406413,87.07720071724339,14.420000076293944,637.739990234375,1.9637405149160212
AMAT_High,0.0,98.7519558497389,88.87738462585742,14.729999542236328,669.219970703125,2.0035154103208557
AMAT_Low,0.0,95.66832747630552,85.4937924840732,14.25,620.6900024414062,1.9524774588554124
AMAT_Close,0.0,97.2581099751045,87.30121700127187,14.550000190734863,668.0,1.9841508472755776
AMAT_Adj_Close,0.0,94.11571176671495,87.64447913691068,12.847084045410156,668.0,2.013544493331826
AMAT_Volume,0.0,9909449.456700692,6578824.276667624,1279500.0,219415200.0,11.925264519652483
LRCX_Open,0.0,47.80131414527755,54.59422619937488,4.900000095367432,407.989990234375,2.8295966736270204
LRCX_High,0.0,48.638704659634996,55.813556680931256,4.946000099182129,409.75,2.8516101861766785
LRCX_Low,0.0,46.97409414609169,53.386294335764525,4.857999801635742,392.0799865722656,2.7996541726902224
LRCX_Close,0.0,47.83434306487936,54.67291965148522,4.946000099182129,409.5400085449219,2.8290443238056238
LRCX_Adj_Close,0.0,46.27404704531989,54.86102184434156,4.196159362792969,409.5400085449219,2.8540780858041916
LRCX_Volume,0.0,18482764.73493579,11443060.599300055,2598900.0,187054000.0,3.496892546278756
KLAC_Open,0.0,34.42647017622449,38.47804667566773,4.551000118255615,265.6099853515625,2.2657253277800558
KLAC_High,0.0,34.993944699096176,39.297165844758865,4.815999984741211,269.8999938964844,2.2974932583648973
KLAC_Low,0.0,33.88799801946746,37.75332473092594,4.494999885559082,262.3800048828125,2.243770869822302
KLAC_Close,0.0,34.47247974598608,38.606579848390616,4.631999969482422,269.1600036621094,2.2795366056207564
KLAC_Adj_Close,0.0,33.274219886543015,38.87153367258512,3.80685305595398,269.1600036621094,2.282089302840271
KLAC_Volume,0.0,13544100.82318077,8701006.308823239,2103000.0,242324000.0,9.365668582785853
QQQ_Open,0.0,272.5409713232639,160.6973014150978,84.33999633789062,747.3099975585938,0.7881848905186072
QQQ_High,0.0,274.4650739808596,161.77637856279506,84.98999786376953,748.6500244140625,0.7836508748817138
QQQ_Low,0.0,270.4012841961672,159.425224751805,83.27999877929688,741.010009765625,0.7914109866545795
QQQ_Close,0.0,272.57195588715734,160.6841054135308,84.11000061035156,744.2100219726562,0.7878469866019605
QQQ_Adj_Close,0.0,265.34805627947856,162.2996840320372,76.58851623535156,743.39306640625,0.806879776320427
QQQ_Volume,0.0,42124374.58017781,21593497.58971669,7079300.0,198685800.0,1.5219975694156758
SPY_Open,0.0,361.1407540239391,148.2287542721426,174.77999877929688,758.1500244140625,0.7658961679812729
SPY_High,0.0,363.0551960693601,148.93914256951825,175.55999755859375,760.280029296875,0.7613259667979354
SPY_Low,0.0,359.0511654177739,147.40721588135003,173.7100067138672,754.6900024414062,0.7700393247376471
SPY_Close,0.0,361.19188026224737,148.2280921502713,175.1699981689453,758.5399780273438,0.7656989326556225
SPY_Adj_Close,0.0,336.56499316655453,157.25549999968882,141.91957092285156,756.5908203125,0.7753527722325697
SPY_Volume,0.0,87114197.89265722,44476534.74500472,20270000.0,507244300.0,2.4974701436375035
VIX_Open,0.0,18.2178926577802,6.9877557906399925,0.0,82.69000244140625,2.6961217366966816
VIX_High,0.0,19.291919657380948,7.786829021358712,0.0,85.47000122070312,2.7978343004277746
VIX_Low,0.0,17.216256169610247,6.235114089438135,0.0,70.37000274658203,2.4664533533822732
VIX_Close,0.0,18.059460005950175,6.913538809184119,9.140000343322754,82.69000244140625,2.710994752455998
VIX_Adj_Close,0.0,18.059460005950175,6.913538809184119,9.140000343322754,82.69000244140625,2.710994752455998
VIX_Volume,0.0,0.0,0.0,0.0,0.0,0.0
USD_KRW_Open,0.0,1214.4699881675804,124.68016554159729,999.8400268554688,1554.280029296875,0.6707514310938166
USD_KRW_High,0.0,1219.8569220579648,125.87985644461445,1009.780029296875,1556.3900146484375,0.6711397247939521
USD_KRW_Low,0.0,1209.3655556888223,124.04070960573176,999.4199829101562,1537.43994140625,0.6703609822517509
USD_KRW_Close,0.0,1214.2442282286372,124.77347417087284,999.8300170898438,1554.47998046875,0.6701135792642471
USD_KRW_Adj_Close,0.0,1214.2442282286372,124.77347417087284,999.8300170898438,1554.47998046875,0.6701135792642471
USD_KRW_Volume,0.0,0.0,0.0,0.0,0.0,0.0
USD_JPY_Open,0.0,122.90361906220578,18.317350176427183,99.89299774169922,161.73300170898438,0.7182064846249243
USD_JPY_High,0.0,123.3122150445008,18.413938452903174,100.37999725341795,161.94200134277344,0.7117620732681486
USD_JPY_Low,0.0,122.46988442590215,18.20114583142666,99.572998046875,161.58700561523438,0.7235917649896112
USD_JPY_Close,0.0,122.90331418034589,18.31889528512297,99.90599822998048,161.76300048828125,0.7183204804771632
USD_JPY_Adj_Close,0.0,122.90331418034589,18.31889528512297,99.90599822998048,161.76300048828125,0.7183204804771632
USD_JPY_Volume,0.0,0.0,0.0,0.0,0.0,0.0
DOLLAR_INDEX_Open,0.0,97.18302601703421,6.210364523624955,79.13999938964844,114.19000244140624,-0.5826170630712336
DOLLAR_INDEX_High,0.0,97.49319068373603,6.257962200906168,79.23999786376953,114.77999877929688,-0.5765598897813081
DOLLAR_INDEX_Low,0.0,96.88816923431004,6.152301460305612,78.91000366210938,113.33000183105467,-0.5913992532249582
DOLLAR_INDEX_Close,0.0,97.19872575093541,6.203822359487018,79.13999938964844,114.11000061035156,-0.5827417788824514
DOLLAR_INDEX_Adj_Close,0.0,97.19872575093541,6.203822359487018,79.13999938964844,114.11000061035156,-0.5827417788824514
DOLLAR_INDEX_Volume,0.0,7668.752057951926,306401.5588596076,0.0,14290000.0,41.71330323581941
US_10Y_Open,0.0,2.691751399429213,1.1170554827428425,0.4839999973773956,4.997000217437744,0.1648996761519927
US_10Y_High,0.0,2.719892987401854,1.1204511450278152,0.5379999876022339,4.997000217437744,0.1677641258981534
US_10Y_Low,0.0,2.664245639029482,1.1132044533991923,0.3980000019073486,4.894000053405762,0.16317178080171668
US_10Y_Close,0.0,2.6927095804318104,1.1167191584732148,0.4990000128746032,4.98799991607666,0.1669478014725838
US_10Y_Adj_Close,0.0,2.6927095804318104,1.1167191584732148,0.4990000128746032,4.98799991607666,0.1669478014725838
US_10Y_Volume,0.0,0.0,0.0,0.0,0.0,0.0
target_prev_close,0.0,150135.79189990123,273160.48401892494,25750.0,2919000.0,5.835707746665632
SOXX_ret_1d,0.0,0.0012715435598692362,0.02049159825644756,-0.1522776869490461,0.1857160944949234,0.029362133360900024
SOXX_ret_5d,0.0,0.006256822701063556,0.04166037112746305,-0.1987714848821633,0.1704795806921106,-0.22034376632328778
SOXX_ret_20d,0.0,0.024634551456333625,0.08289511795900575,-0.340230723455712,0.4730310552935759,0.28669779519953104
SOXX_vol_20d,0.0,0.01834898926906317,0.008968223330266704,0.0044467923630704,0.0748011343133612,2.2303453126874793
SOXX_volchg_5d,0.0,0.10605571433017165,0.7128699584454983,-0.8564961370730304,8.58077380760943,3.006377353556357
SMH_ret_1d,0.0,0.0013179241495102872,0.019829656439709943,-0.144116151224667,0.1716032531620119,-0.022586905288922647
SMH_ret_5d,0.0,0.0064937645537809004,0.04046427320351462,-0.1923105553327692,0.183356022734201,-0.23499431402332538
SMH_ret_20d,0.0,0.025662643477664383,0.08031507222737343,-0.3361576374724189,0.3964637725713533,0.10906508258111688
SMH_vol_20d,0.0,0.017860855709227692,0.008564419284816984,0.00444493635487,0.0711242355949587,2.0413627125951628
SMH_volchg_5d,0.0,0.08460788090068506,0.6335366843711637,-0.8712445294326381,7.289202419220885,3.2555050086234516
NVDA_ret_1d,0.0,0.002498926492317325,0.03003007133113024,-0.1875586475061645,0.2980669906607602,0.6418795333337811
NVDA_ret_5d,0.0,0.01240695730734281,0.06422121834466847,-0.2849943431691352,0.3632876476378124,0.16920824826454536
NVDA_ret_20d,0.0,0.05040000741414445,0.13153440585646334,-0.3741890654197821,0.5165211505516354,0.26098957812164403
NVDA_vol_20d,0.0,0.02742239625858663,0.012390113134976658,0.0072150704577246,0.0870221345372299,1.4162770597595986
NVDA_volchg_5d,0.0,0.07468482955759993,0.5820391254658426,-0.8167225605838666,6.721571233281716,3.331936286445397
AMD_ret_1d,0.0,0.0023491943577412773,0.03782832435765808,-0.2371512165474398,0.5229008335186689,1.5497808774051438
AMD_ret_5d,0.0,0.01156476620332849,0.08163558383849229,-0.3268078338303896,0.4777777552114106,0.5005796882277078
AMD_ret_20d,0.0,0.046023785901749985,0.17209043578903374,-0.4829702269844356,0.9635492539899148,0.8152514971829139
AMD_vol_20d,0.0,0.03464623552157834,0.015282092871329084,0.0090485955352777,0.1269710974410197,2.172541844464362
AMD_volchg_5d,0.0,0.09869867353073869,0.7390500485670809,-1.0,16.03312812537897,6.157203706871538
MU_ret_1d,0.0,0.0017615530956249983,0.03177233458756912,-0.1981856274741957,0.1929161183526131,0.1593746746699005
MU_ret_5d,0.0,0.008987697902712167,0.07242690204955309,-0.2775502514632474,0.4668301670195842,0.3297429932073562
MU_ret_20d,0.0,0.03545191689468088,0.1497454220147098,-0.4217369952306429,0.9972610348240364,1.1778735209848128
MU_vol_20d,0.0,0.029370801197294134,0.011455491627486906,0.0102201539705612,0.0843245078263352,1.535562112103166
MU_volchg_5d,0.0,0.06389815154720514,0.5295973437702952,-0.784484587527972,4.799189881930428,2.7073322153513084
INTC_ret_1d,0.0,0.0008931434450135864,0.02609403076510762,-0.2605851942731478,0.2359988383395475,0.3416529637402569
INTC_ret_5d,0.0,0.004476994288817994,0.058697979304744116,-0.382238129065952,0.4917640695954344,0.7985469080951174
INTC_ret_20d,0.0,0.017586391535705063,0.13030669764481725,-0.4554057828274291,1.2254825689815676,2.5787871949892125
INTC_vol_20d,0.0,0.022217595243278286,0.013171560084015549,0.0050959928799225,0.0876736971478934,1.8630723769609652
INTC_volchg_5d,0.0,0.07798786971239981,0.59751087774727,-0.7911377813625525,8.905025388875847,3.5085643992218207
AVGO_ret_1d,0.0,0.0017076630710774936,0.02488642396819954,-0.1991290790117228,0.2443263505751063,0.394753634352587
AVGO_ret_5d,0.0,0.008477741986630372,0.05354247517554144,-0.3175183732643337,0.3982305985751002,0.4600963373679409
AVGO_ret_20d,0.0,0.03351994159387429,0.0995798571404054,-0.4682441469066259,0.5386310516163493,0.4613502105479053
AVGO_vol_20d,0.0,0.02259122714889936,0.010604536070597142,0.006530123912652,0.0921673762306539,2.376202917706328
AVGO_volchg_5d,0.0,0.11085282410389535,0.8860279256909139,-0.8312630897978596,24.663481710165904,11.180664608111412
QCOM_ret_1d,0.0,0.0006059963515893579,0.02387730279750803,-0.1525057896230482,0.2320740918545472,0.42393717595674285
QCOM_ret_5d,0.0,0.0030922828485736736,0.05249066316502931,-0.2352305861795688,0.4335432106194552,1.2243487850988686
QCOM_ret_20d,0.0,0.01277660684112266,0.11067544336390753,-0.3243153679733916,0.8593346284093688,1.6910179926825657
QCOM_vol_20d,0.0,0.021073620908806615,0.010921132282001214,0.003741418958908,0.0767899978341503,1.7340412974707333
QCOM_volchg_5d,0.0,0.09139999094560461,0.7967938865605951,-0.832757327071776,13.354506265542254,7.108125622748295
AMAT_ret_1d,0.0,0.00151262960732837,0.02609223894035418,-0.2035763555630714,0.1610575987310216,-0.08252985790527347
AMAT_ret_5d,0.0,0.007431473163382728,0.05522943518753915,-0.253572127027598,0.2521798365856853,0.0339268482409571
AMAT_ret_20d,0.0,0.028403161867308107,0.1078188771215105,-0.4187806233988006,0.5165760974114546,0.266969264682365
AMAT_vol_20d,0.0,0.023936447526845667,0.0103264073079016,0.0074751835192976,0.0946825160663249,2.1280549255209413
AMAT_volchg_5d,0.0,0.06307677990448167,0.5660427392235885,-0.8199133852454606,10.591545203366282,4.796601092106515
LRCX_ret_1d,0.0,0.0017837234987349501,0.027051882497220556,-0.1842768545228056,0.195955372492284,0.13698169653256123
LRCX_ret_5d,0.0,0.008773498153115561,0.05743919148179743,-0.2981961651832996,0.3350085190539249,0.07966581250082097
LRCX_ret_20d,0.0,0.03386603057228252,0.11127598626583914,-0.4184813379195781,0.5901571486873756,0.28173011191581404
LRCX_vol_20d,0.0,0.024562817125344263,0.01129561878110691,0.0073704706479432,0.1008497197237986,1.9990027565230932
LRCX_volchg_5d,0.0,0.06721247805661448,0.5728123683702453,-0.8253740010507977,8.541721502973914,3.5001136140672426
KLAC_ret_1d,0.0,0.0015314564779169992,0.025430845991963186,-0.2001663548740085,0.1878944629964725,0.07789376188119176
KLAC_ret_5d,0.0,0.007479922541554681,0.05204949262769973,-0.2156565549546224,0.3194069858077917,0.10691381136488581
KLAC_ret_20d,0.0,0.02852853092455392,0.09882688174256887,-0.2985675674954576,0.4912270597213215,0.4787246782546303
KLAC_vol_20d,0.0,0.022690496376914168,0.011407591140641207,0.0049099103497896,0.1005970679736511,1.954881896579925
KLAC_volchg_5d,0.0,0.07724328223805253,0.6783382238520753,-0.8740345468689708,14.57031972859052,7.487469739332915
QQQ_ret_1d,0.0,0.000788155053883962,0.01367354962555446,-0.119787843011381,0.1200307713657888,-0.14477596318371266
QQQ_ret_5d,0.0,0.0039029417456095993,0.027867583544136633,-0.1619641268812431,0.1265985317511433,-0.5332437503722145
QQQ_ret_20d,0.0,0.01551442419624146,0.053900847426058156,-0.2784691293379419,0.246280077894019,-0.43514179069775183
QQQ_vol_20d,0.0,0.012011923539865596,0.006628421113309677,0.0027757006405661,0.0581536420287624,2.563967831098478
QQQ_volchg_5d,0.0,0.05873327294454323,0.48679143559479127,-0.7689287947853334,4.415549769780298,2.5266977839506044
SPY_ret_1d,0.0,0.0005265516889365121,0.010999728853057679,-0.1094237354049449,0.105019301839113,-0.27425144618628594
SPY_ret_5d,0.0,0.002596504883143839,0.02261082376701282,-0.1796931573768119,0.1735815092082122,-0.8076886954606574
SPY_ret_20d,0.0,0.010276270297966761,0.04334776957142147,-0.313901896623309,0.2307254920542591,-1.1442467400130953
SPY_vol_20d,0.0,0.00925864568058444,0.006045058468697686,0.0020098594072021,0.0589009351715617,3.7778241940167865
SPY_volchg_5d,0.0,0.04992783471041507,0.4568416845110492,-0.7982489431682759,4.368139469962605,2.435072138517468
VIX_ret_1d,0.0,0.003370101295860352,0.08602629722186513,-0.3575387396234843,1.1559792516603906,2.381586529763367
VIX_ret_5d,0.0,0.014574449678282338,0.18788711894547805,-0.4666908365436109,2.1290322769669348,2.7401541997354557
VIX_ret_20d,0.0,0.040590334342151195,0.35058027666494646,-0.5815020284303916,5.04459068689646,4.948262089710622
VIX_vol_20d,0.0,0.07814483467525932,0.038027008611941825,0.0237730253803096,0.296621114026632,2.0334386031397496
USD_KRW_ret_1d,0.0,0.00013384031432437272,0.005966270286953128,-0.0346830587412203,0.0289193548574395,-0.18156193086315983
USD_KRW_ret_5d,0.0,0.0006540023106227672,0.011835982196149755,-0.0635327877166154,0.0554569654403871,-0.16761013754422438
USD_KRW_ret_20d,0.0,0.002613317747482574,0.022245723348500474,-0.1006956146554715,0.0761743452638203,-0.14440190156765603
USD_KRW_vol_20d,0.0,0.005699414351058407,0.0019346308424866212,0.0020762622572668,0.0142487315379386,1.118683029340164
USD_JPY_ret_1d,0.0,0.0001655756319866944,0.005741338545724165,-0.0372495128147323,0.0332195440707869,-0.2283924482268582
USD_JPY_ret_5d,0.0,0.0008185022214644559,0.01273720600107503,-0.0690416661931441,0.0638657845031909,-0.28909746543846093
USD_JPY_ret_20d,0.0,0.0031783348297960787,0.025780874471244265,-0.102887849678823,0.1094623814784412,0.084916616454937
USD_JPY_vol_20d,0.0,0.005346742644541681,0.002123101123372606,0.0014973476878757,0.0132962041635157,0.7586717366333674
DOLLAR_INDEX_ret_1d,0.0,8.310471658131337e-05,0.00437136663097675,-0.023702321910402,0.0205281534695189,-0.11502978108067936
DOLLAR_INDEX_ret_5d,0.0,0.0004196058539821329,0.00966205788071158,-0.0432794880514493,0.0542731183879756,0.02164412386918047
DOLLAR_INDEX_ret_20d,0.0,0.0015695475748857184,0.01833452593322876,-0.0726113249453906,0.0610115998148683,-0.013059845873339875
DOLLAR_INDEX_vol_20d,0.0,0.004151143768734624,0.0014204118177598938,0.0013022259254029,0.0104933608032809,1.16002771805436
US_10Y_ret_1d,0.0,0.0005852602547111643,0.029172706944162928,-0.2932010853111355,0.4989980089182404,1.934259757160064
US_10Y_ret_5d,0.0,0.002478540380789334,0.057874291379199846,-0.5413603072093348,0.5439024920338755,0.5335768438079151
US_10Y_ret_20d,0.0,0.008725110129987081,0.10558277235507228,-0.6774402090685825,0.4597372507506407,-0.0027493088406164725
US_10Y_vol_20d,0.0,0.02270668445913055,0.01877575437500308,0.0060488850941995,0.2046891524938163,5.625388813962574
KOSPI_Open,0.0,2554.1487704701904,898.5391985739432,1474.449951171875,9288.8896484375,3.9235894579440282
KOSPI_High,0.0,2569.3001332363096,916.6395710413393,1516.75,9385.58984375,3.9648700620649078
KOSPI_Low,0.0,2535.805279201373,878.1788973915594,1439.4300537109375,8900.6796875,3.860333012738131
KOSPI_Close,0.0,2553.369299875108,899.7781622269199,1457.6400146484375,9114.5498046875,3.920663367013007
KOSPI_Adj_Close,0.0,2553.369299875108,899.7781622269199,1457.6400146484375,9114.5498046875,3.920663367013007
KOSPI_Volume,0.0,540110.1086598617,298902.19561373064,0.0,3455500.0,2.2585205142590943
KOSDAQ_Open,0.0,768.9409848119932,141.41167732540265,443.760009765625,1226.760009765625,0.54642298431564
KOSDAQ_High,0.0,773.6177146592578,142.96716570277408,443.760009765625,1229.4200439453125,0.5562142153566594
KOSDAQ_Low,0.0,761.8607672929057,139.26151165848555,419.5499877929688,1211.3900146484375,0.5207379518689192
KOSDAQ_Close,0.0,767.8384988864551,141.35900902823272,428.3500061035156,1226.1800537109375,0.5384002716024382
KOSDAQ_Adj_Close,0.0,767.8384988864551,141.35900902823272,428.3500061035156,1226.1800537109375,0.5384002716024382
KOSDAQ_Volume,0.0,333175.9301942707,378447.5027296364,0.0,1855200.0,0.6688508537184032
target_ret_1d,0.0,0.0017789931485350655,0.02647909806950264,-0.1247002398081534,0.1590790162218733,0.3579986168909139
target_ret_5d,0.0,0.008802454638827024,0.05870246190598573,-0.2120640904806786,0.4618973561430792,0.7605461291594385
target_ret_20d,0.0,0.035206017556134325,0.1307818664386526,-0.3365384615384615,0.8999999999999999,1.8007411220689273
target_vol_20d,0.0,0.024507345116984467,0.009104851030722377,0.0100797034934989,0.0705119606104805,2.1934901883271007
target_volchg_5d,0.0,0.698006115860091,15.634917428303943,-1.0,510.4512040557668,26.085921020108316
